combination,train_Accuracy,test_Accuracy,colsample_bytree,learning_rate,max_depth,alpha,n_estimators
1,0.6066090160767882,0.5996671817425413,0.1,0.001,3,1,10
2,0.6066090160767882,0.5996671817425413,0.1,0.001,3,1,50
3,0.606519865680069,0.5996671817425413,0.1,0.001,3,1,100
4,0.6064604320822561,0.5996671817425413,0.1,0.001,3,10,10
5,0.606519865680069,0.5996671817425413,0.1,0.001,3,10,50
6,0.6064307152833497,0.5996671817425413,0.1,0.001,3,10,100
7,0.6064307152833497,0.5996671817425413,0.1,0.001,3,100,10
8,0.6064307152833497,0.5996671817425413,0.1,0.001,3,100,50
9,0.6064307152833497,0.5996671817425413,0.1,0.001,3,100,100
10,0.6072033520549166,0.6000237727326756,0.1,0.001,5,1,10
11,0.608778342396957,0.6003803637228099,0.1,0.001,5,1,50
12,0.6081245728210157,0.6003803637228099,0.1,0.001,5,1,100
13,0.6066387328756946,0.5996671817425413,0.1,0.001,5,10,10
14,0.6068170336691332,0.5999049090692975,0.1,0.001,5,10,50
15,0.6067873168702267,0.5997860454059194,0.1,0.001,5,10,100
16,0.6064307152833497,0.5996671817425413,0.1,0.001,5,100,10
17,0.6064307152833497,0.5996671817425413,0.1,0.001,5,100,50
18,0.6064307152833497,0.5996671817425413,0.1,0.001,5,100,100
19,0.60800570562539,0.6003803637228099,0.1,0.001,8,1,10
20,0.6115717214941606,0.601569000356591,0.1,0.001,8,1,50
21,0.6110368191138451,0.6019255913467253,0.1,0.001,8,1,100
22,0.6066387328756946,0.5996671817425413,0.1,0.001,8,10,10
23,0.6069359008647588,0.5999049090692975,0.1,0.001,8,10,50
24,0.6069656176636653,0.5997860454059194,0.1,0.001,8,10,100
25,0.6064307152833497,0.5996671817425413,0.1,0.001,8,100,10
26,0.6064307152833497,0.5996671817425413,0.1,0.001,8,100,50
27,0.6064307152833497,0.5996671817425413,0.1,0.001,8,100,100
28,0.6087486255980505,0.600499227386188,0.1,0.001,10,1,10
29,0.6127009598526046,0.6019255913467253,0.1,0.001,10,1,50
30,0.6122254910701019,0.6019255913467253,0.1,0.001,10,1,100
31,0.6066387328756946,0.5997860454059194,0.1,0.001,10,10,10
32,0.6069656176636653,0.5999049090692975,0.1,0.001,10,10,50
33,0.6069953344625717,0.5997860454059194,0.1,0.001,10,10,100
34,0.6064307152833497,0.5996671817425413,0.1,0.001,10,100,10
35,0.6064307152833497,0.5996671817425413,0.1,0.001,10,100,50
36,0.6064307152833497,0.5996671817425413,0.1,0.001,10,100,100
37,0.6066684496746011,0.5996671817425413,0.1,0.01,3,1,10
38,0.608778342396957,0.6018067276833472,0.1,0.01,3,1,50
39,0.6133844462274524,0.6064424105550933,0.1,0.01,3,1,100
40,0.6064901488811625,0.5996671817425413,0.1,0.01,3,10,10
41,0.6079165552286707,0.6003803637228099,0.1,0.01,3,10,50
42,0.6122254910701019,0.6046594556044217,0.1,0.01,3,10,100
43,0.6064307152833497,0.5996671817425413,0.1,0.01,3,100,10
44,0.6064307152833497,0.5996671817425413,0.1,0.01,3,100,50
45,0.6067576000713203,0.5997860454059194,0.1,0.01,3,100,100
46,0.607441086446168,0.6002615000594318,0.1,0.01,5,1,10
47,0.6141570829990194,0.6065612742184714,0.1,0.01,5,1,50
48,0.6198627083890523,0.6125044573873767,0.1,0.01,5,1,100
49,0.6066387328756946,0.5999049090692975,0.1,0.01,5,10,10
50,0.6102938991411845,0.6024010460002377,0.1,0.01,5,10,50
51,0.6158509405366854,0.608344229169143,0.1,0.01,5,10,100
52,0.6064307152833497,0.5996671817425413,0.1,0.01,5,100,10
53,0.6064307152833497,0.5996671817425413,0.1,0.01,5,100,50
54,0.606876467266946,0.5999049090692975,0.1,0.01,5,100,100
55,0.608570324804612,0.600499227386188,0.1,0.01,8,1,10
56,0.6176042316721643,0.6081065018423868,0.1,0.01,8,1,50
57,0.6253008825889276,0.6147628669915607,0.1,0.01,8,1,100
58,0.6066981664735075,0.5999049090692975,0.1,0.01,8,10,10
59,0.6111259695105643,0.6026387733269939,0.1,0.01,8,10,50
60,0.616950462096223,0.6090574111494116,0.1,0.01,8,10,100
61,0.6064307152833497,0.5996671817425413,0.1,0.01,8,100,10
62,0.6064307152833497,0.5996671817425413,0.1,0.01,8,100,50
63,0.6069061840658524,0.5999049090692975,0.1,0.01,8,100,100
64,0.6094618287718047,0.6006180910495661,0.1,0.01,10,1,10
65,0.6195952571988945,0.6084630928325211,0.1,0.01,10,1,50
66,0.6270244569255,0.6153571853084512,0.1,0.01,10,1,100
67,0.6066981664735075,0.5999049090692975,0.1,0.01,10,10,10
68,0.6111556863094707,0.602757636990372,0.1,0.01,10,10,50
69,0.6169207452973166,0.6091762748127897,0.1,0.01,10,10,100
70,0.6064307152833497,0.5996671817425413,0.1,0.01,10,100,10
71,0.6064307152833497,0.5996671817425413,0.1,0.01,10,100,50
72,0.6069061840658524,0.5999049090692975,0.1,0.01,10,100,100
73,0.6094023951739919,0.6020444550101034,0.1,0.1,3,1,10
74,0.6803958277614336,0.673838107690479,0.1,0.1,3,1,50
75,0.7287450595821818,0.7203138000713182,0.1,0.1,3,1,100
76,0.6087189087991441,0.601569000356591,0.1,0.1,3,10,10
77,0.6784642358325161,0.6736003803637228,0.1,0.1,3,10,50
78,0.7258328132893525,0.7197194817544277,0.1,0.1,3,10,100
79,0.6064307152833497,0.5996671817425413,0.1,0.1,3,100,10
80,0.6660723306885382,0.6610008320456436,0.1,0.1,3,100,50
81,0.7090428219072241,0.7012956139308213,0.1,0.1,3,100,100
82,0.613354729428546,0.6047783192677998,0.1,0.1,5,1,10
83,0.6927282993075986,0.6827528824438369,0.1,0.1,5,1,50
84,0.7454459005675909,0.7254249375965768,0.1,0.1,5,1,100
85,0.6100264479510267,0.6020444550101034,0.1,0.1,5,10,10
86,0.6861014531514665,0.6782360632354689,0.1,0.1,5,10,50
87,0.7359959585153487,0.7242363009627957,0.1,0.1,5,10,100
88,0.6064307152833497,0.5996671817425413,0.1,0.1,5,100,10
89,0.66788505542183,0.6621894686794247,0.1,0.1,5,100,50
90,0.7116876170098957,0.7040294781885178,0.1,0.1,5,100,100
91,0.616593860509346,0.6052537739213123,0.1,0.1,8,1,10
92,0.705655106831892,0.6840603827409961,0.1,0.1,8,1,50
93,0.7740334611155686,0.727921074527517,0.1,0.1,8,1,100
94,0.6103236159400909,0.6026387733269939,0.1,0.1,8,10,10
95,0.6885382306617931,0.6796624271960062,0.1,0.1,8,10,50
96,0.7400671599655285,0.7260192559134673,0.1,0.1,8,10,100
97,0.6064604320822561,0.5996671817425413,0.1,0.1,8,100,10
98,0.6681525066119878,0.6621894686794247,0.1,0.1,8,100,50
99,0.7121928025913049,0.7041483418518959,0.1,0.1,8,100,100
100,0.6179311164601349,0.6058480922382028,0.1,0.1,10,1,10
101,0.7146890136994443,0.683941519077618,0.1,0.1,10,1,50
102,0.7952512555347538,0.7263758469036016,0.1,0.1,10,1,100
103,0.6103236159400909,0.6026387733269939,0.1,0.1,10,10,10
104,0.6887759650530445,0.6793058362058718,0.1,0.1,10,10,50
105,0.7404831951502184,0.7261381195768454,0.1,0.1,10,10,100
106,0.6064604320822561,0.5996671817425413,0.1,0.1,10,100,10
107,0.6681525066119878,0.6621894686794247,0.1,0.1,10,100,50
108,0.7121928025913049,0.7041483418518959,0.1,0.1,10,100,100
109,0.6863986211405307,0.6774040175918222,0.1,1.0,3,1,10
110,0.7782532465602805,0.7563294900748841,0.1,1.0,3,1,50
111,0.8030667736471427,0.7688101747295851,0.1,1.0,3,1,100
112,0.6825651540816023,0.6769285629383097,0.1,1.0,3,10,10
113,0.772369320376809,0.7556163080946154,0.1,1.0,3,10,50
114,0.7917149564648897,0.768691311066207,0.1,1.0,3,10,100
115,0.6705892841223143,0.6649233329371211,0.1,1.0,3,100,10
116,0.7523699147127871,0.7468203970046356,0.1,1.0,3,100,50
117,0.7627410775311283,0.7582313086889338,0.1,1.0,3,100,100
118,0.7019107901696829,0.6833472007607274,0.1,1.0,5,1,10
119,0.8121898309114142,0.7543088077974563,0.1,1.0,5,1,50
120,0.854655136548691,0.7633424462141923,0.1,1.0,5,1,100
121,0.6960268639862114,0.6826340187804588,0.1,1.0,5,10,10
122,0.7856527294879796,0.7577558540354213,0.1,1.0,5,10,50
123,0.8074945766841995,0.7679781290859384,0.1,1.0,5,10,100
124,0.6732637960238923,0.6694401521454891,0.1,1.0,5,100,10
125,0.7530236842887285,0.748365624628551,0.1,1.0,5,100,50
126,0.7649104038512972,0.7568049447283965,0.1,1.0,5,100,100
127,0.7317761730706368,0.682871746107215,0.1,1.0,8,1,10
128,0.8795875308311789,0.7464638060145014,0.1,1.0,8,1,50
129,0.9379810406822977,0.7487222156186853,0.1,1.0,8,1,100
130,0.699800897447327,0.6832283370973493,0.1,1.0,8,10,10
131,0.7940625835784969,0.7554974444312373,0.1,1.0,8,10,50
132,0.8216100561647499,0.7657197194817544,0.1,1.0,8,10,100
133,0.67112418650263,0.6668251515511708,0.1,1.0,8,100,10
134,0.7542717898427981,0.7493165339355758,0.1,1.0,8,100,50
135,0.7660099254108348,0.758350172352312,0.1,1.0,8,100,100
136,0.7495468188166771,0.6788303815523594,0.1,1.0,10,1,10
137,0.916020326290452,0.7361226673006062,0.1,1.0,10,1,50
138,0.9704912186859231,0.7486033519553073,0.1,1.0,10,1,100
139,0.7000386318385784,0.683941519077618,0.1,1.0,10,10,10
140,0.7955781403227244,0.7582313086889338,0.1,1.0,10,10,50
141,0.8235416480936674,0.7666706287887792,0.1,1.0,10,10,100
142,0.671064752904817,0.6668251515511708,0.1,1.0,10,100,10
143,0.7544798074351431,0.749435397598954,0.1,1.0,10,100,50
144,0.7653561558348935,0.7585878996790681,0.1,1.0,10,100,100
145,0.6536804255445603,0.650065375014858,0.3,0.001,3,1,10
146,0.6667855338622923,0.6656365149173897,0.3,0.001,3,1,50
147,0.6680633562152685,0.6653987875906335,0.3,0.001,3,1,100
148,0.6527889215773677,0.6499465113514798,0.3,0.001,3,10,10
149,0.6654779947104098,0.6639724236300962,0.3,0.001,3,10,50
150,0.6666963834655731,0.66373469630334,0.3,0.001,3,10,100
151,0.6409319188137054,0.6360394627362416,0.3,0.001,3,100,10
152,0.6557606014680099,0.65244264828242,0.3,0.001,3,100,50
153,0.6561469198537934,0.6527992392725543,0.3,0.001,3,100,100
154,0.6800689429734629,0.6725306073933198,0.3,0.001,5,1,10
155,0.6919556625360316,0.6863187923451801,0.3,0.001,5,1,50
156,0.6931443344922885,0.6860810650184239,0.3,0.001,5,1,100
157,0.6751656711539032,0.6680137881849518,0.3,0.001,5,10,10
158,0.6870226739175656,0.6823962914537026,0.3,0.001,5,10,50
159,0.688389646667261,0.6827528824438369,0.3,0.001,5,10,100
160,0.6504412944637603,0.6450731011529776,0.3,0.001,5,100,10
161,0.6641407387596208,0.6607631047188874,0.3,0.001,5,100,50
162,0.6649133755311878,0.6610008320456436,0.3,0.001,5,100,100
163,0.711776767406615,0.6892903839296327,0.3,0.001,8,1,10
164,0.7201569046982259,0.700939022940687,0.3,0.001,8,1,50
165,0.7211969926599506,0.7016522049209557,0.3,0.001,8,1,100
166,0.691064158568839,0.6802567455128967,0.3,0.001,8,10,10
167,0.6997711806484206,0.689646974919767,0.3,0.001,8,10,50
168,0.7022079581587471,0.692975157494354,0.3,0.001,8,10,100
169,0.6531455231642448,0.6473315107571616,0.3,0.001,8,100,10
170,0.6658940298950997,0.6621894686794247,0.3,0.001,8,100,50
171,0.6665775162699474,0.6620706050160466,0.3,0.001,8,100,100
172,0.734183233782057,0.6926185665042197,0.3,0.001,10,1,10
173,0.7388487712103652,0.7034351598716272,0.3,0.001,10,1,50
174,0.7410775311283468,0.7053369784856769,0.3,0.001,10,1,100
175,0.6930254672966628,0.6803756091762748,0.3,0.001,10,10,10
176,0.7026239933434371,0.6914299298704386,0.3,0.001,10,10,50
177,0.7048527532614187,0.6940449304647569,0.3,0.001,10,10,100
178,0.6533832575554961,0.6475692380839178,0.3,0.001,10,100,10
179,0.6660723306885382,0.6620706050160466,0.3,0.001,10,100,50
180,0.6667558170633859,0.6623083323428028,0.3,0.001,10,100,100
181,0.6573950254078631,0.654701057886604,0.3,0.01,3,1,10
182,0.6771566966806336,0.6745512896707476,0.3,0.01,3,1,50
183,0.6888651154497637,0.6858433376916676,0.3,0.01,3,1,100
184,0.6557308846691035,0.652323784619042,0.3,0.01,3,10,10
185,0.6757302903331253,0.6732437893735885,0.3,0.01,3,10,50
186,0.6870821075153785,0.6838226554142399,0.3,0.01,3,10,100
187,0.6434281299218448,0.6391299179840723,0.3,0.01,3,100,10
188,0.6649728091290006,0.661476286699156,0.3,0.01,3,100,50
189,0.6770972630828207,0.6730060620468323,0.3,0.01,3,100,100
190,0.6833972244509822,0.676096517294663,0.3,0.01,5,1,10
191,0.7031291789248462,0.6957090217520504,0.3,0.01,5,1,50
192,0.7183144631660278,0.7092594793771544,0.3,0.01,5,1,100
193,0.6787019702237675,0.6718174254130512,0.3,0.01,5,10,10
194,0.6983447743009124,0.6933317484844883,0.3,0.01,5,10,50
195,0.7124008201836498,0.705455842149055,0.3,0.01,5,10,100
196,0.6521945855992393,0.6457862831332462,0.3,0.01,5,100,10
197,0.673739264806395,0.6699156067990015,0.3,0.01,5,100,50
198,0.6856854179667766,0.6797812908593843,0.3,0.01,5,100,100
199,0.7146890136994443,0.6923808391774634,0.3,0.01,8,1,10
200,0.7330242786247065,0.7083085700701296,0.3,0.01,8,1,50
201,0.7490119164363614,0.7184119814572685,0.3,0.01,8,1,100
202,0.6945113072419838,0.6832283370973493,0.3,0.01,8,10,10
203,0.7141243945202222,0.7011767502674432,0.3,0.01,8,10,50
204,0.7263677156696681,0.711042434327826,0.3,0.01,8,10,100
205,0.6544530623161273,0.6484012837275644,0.3,0.01,8,100,10
206,0.6757005735342189,0.6708665161060264,0.3,0.01,8,100,50
207,0.6870226739175656,0.6807322001664091,0.3,0.01,8,100,100
208,0.7378978336453598,0.6936883394746226,0.3,0.01,10,1,10
209,0.7562628153695284,0.7104481160109355,0.3,0.01,10,1,50
210,0.7742117619090072,0.7210269820515869,0.3,0.01,10,1,100
211,0.6975424207304389,0.6840603827409961,0.3,0.01,10,10,10
212,0.7167691896228938,0.7027219778913586,0.3,0.01,10,10,50
213,0.7294285459570296,0.7123499346249852,0.3,0.01,10,10,100
214,0.6547502303051915,0.6486390110543206,0.3,0.01,10,100,10
215,0.675849157528751,0.6708665161060264,0.3,0.01,10,100,50
216,0.6872306915099106,0.6803756091762748,0.3,0.01,10,100,100
217,0.6820005349023803,0.6781171995720908,0.3,0.1,3,1,10
218,0.7465751389260349,0.738143349578034,0.3,0.1,3,1,50
219,0.7757867522510475,0.7666706287887792,0.3,0.1,3,1,100
220,0.6799797925767437,0.6771662902650659,0.3,0.1,3,10,10
221,0.745178449377433,0.7386188042315465,0.3,0.1,3,10,50
222,0.773706576327598,0.7669083561155354,0.3,0.1,3,10,100
223,0.6672610026447952,0.6619517413526685,0.3,0.1,3,100,10
224,0.7302903331253158,0.7228099370022584,0.3,0.1,3,100,50
225,0.7568274345487505,0.7518126708665162,0.3,0.1,3,100,100
226,0.7102017770645747,0.7016522049209557,0.3,0.1,5,1,10
227,0.7747169474904163,0.7559728990847497,0.3,0.1,5,1,50
228,0.7988767050013372,0.7719006299774159,0.3,0.1,5,1,100
229,0.70509048765267,0.6973731130393439,0.3,0.1,5,10,10
230,0.7687141541113192,0.7547842624509687,0.3,0.1,5,10,50
231,0.7895456301447208,0.7710685843337691,0.3,0.1,5,10,100
232,0.6760868919200024,0.6701533341257577,0.3,0.1,5,100,10
233,0.7420879022911652,0.7323190300725069,0.3,0.1,5,100,50
234,0.7658316246173962,0.7581124450255556,0.3,0.1,5,100,100
235,0.7445543966003982,0.7113990253179603,0.3,0.1,8,1,10
236,0.8234524976969481,0.7608463092832521,0.3,0.1,8,1,50
237,0.8648479985735936,0.7721383573041721,0.3,0.1,8,1,100
238,0.7207809574752607,0.7064067514560799,0.3,0.1,8,10,10
239,0.7832456687765594,0.7554974444312373,0.3,0.1,8,10,50
240,0.8053252503640308,0.7702365386901224,0.3,0.1,8,10,100
241,0.677751032658762,0.6712231070961607,0.3,0.1,8,100,10
242,0.7448515645894624,0.7339831213598003,0.3,0.1,8,100,50
243,0.768000950937565,0.7575181267086651,0.3,0.1,8,100,100
244,0.7714480996107099,0.7134197075953881,0.3,0.1,10,1,10
245,0.867195625687201,0.7600142636396053,0.3,0.1,10,1,50
246,0.919051439778907,0.7691667657197195,0.3,0.1,10,1,100
247,0.7242281061484057,0.7081897064067515,0.3,0.1,10,10,10
248,0.7885946925797153,0.756091762748128,0.3,0.1,10,10,50
249,0.8134676532643904,0.7708308570070129,0.3,0.1,10,10,100
250,0.6778996166532941,0.6712231070961607,0.3,0.1,10,100,10
251,0.7454161837686845,0.7332699393795317,0.3,0.1,10,100,50
252,0.7681792517310035,0.7568049447283965,0.3,0.1,10,100,100
253,0.7676146325517815,0.7589444906692024,0.3,1.0,3,1,10
254,0.8040771448099611,0.7790324497801022,0.3,1.0,3,1,50
255,0.8235713648925738,0.7752288125520028,0.3,1.0,3,1,100
256,0.7639000326884788,0.7571615357185308,0.3,1.0,3,10,10
257,0.7936168315949006,0.7736835849280875,0.3,1.0,3,10,50
258,0.8066030727170069,0.7770117675026744,0.3,1.0,3,10,100
259,0.7550147098154587,0.7469392606680137,0.3,1.0,3,100,10
260,0.7718641347953998,0.7663140377986449,0.3,1.0,3,100,50
261,0.7718641347953998,0.7663140377986449,0.3,1.0,3,100,100
262,0.7890998781611245,0.7650065375014858,0.3,1.0,5,1,10
263,0.8602121779441918,0.7699988113633662,0.3,1.0,5,1,50
264,0.9096312145255713,0.7667894924521573,0.3,1.0,5,1,100
265,0.779204184125286,0.7656008558183763,0.3,1.0,5,10,10
266,0.8237496656860123,0.7741590395815999,0.3,1.0,5,10,50
267,0.8483551751805296,0.7721383573041721,0.3,1.0,5,10,100
268,0.7587887432765742,0.7488410792820634,0.3,1.0,5,100,10
269,0.7745386466969778,0.7646499465113514,0.3,1.0,5,100,50
270,0.7745386466969778,0.7646499465113514,0.3,1.0,5,100,100
271,0.8489792279575644,0.758350172352312,0.3,1.0,8,1,10
272,0.9738195001634424,0.7547842624509687,0.3,1.0,8,1,50
273,0.9983655760601468,0.7553785807678592,0.3,1.0,8,1,100
274,0.795905025110695,0.7627481278973018,0.3,1.0,8,10,10
275,0.8671361920893881,0.7678592654225603,0.3,1.0,8,10,50
276,0.900805325250364,0.7620349459170331,0.3,1.0,8,10,100
277,0.7608689192000238,0.7480090336384168,0.3,1.0,8,100,10
278,0.7789664497340346,0.7639367645310828,0.3,1.0,8,100,50
279,0.7789664497340346,0.7639367645310828,0.3,1.0,8,100,100
280,0.8987251493269145,0.7510994888862474,0.3,1.0,10,1,10
281,0.9977415232831119,0.7582313086889338,0.3,1.0,10,1,50
282,0.9999702832010936,0.7568049447283965,0.3,1.0,10,1,100
283,0.8050280823749666,0.761916082253655,0.3,1.0,10,10,10
284,0.8837478826780779,0.7689290383929632,0.3,1.0,10,10,50
285,0.9192594573712519,0.766432901462023,0.3,1.0,10,10,100
286,0.761938723960655,0.7495542612623322,0.3,1.0,10,100,10
287,0.77751032658762,0.7621538095804112,0.3,1.0,10,100,50
288,0.77751032658762,0.7621538095804112,0.3,1.0,10,100,100
289,0.70509048765267,0.7029597052181148,0.5,0.001,3,1,10
290,0.7047636028646994,0.7005824319505527,0.5,0.001,3,1,50
291,0.7055956732340792,0.7014144775941995,0.5,0.001,3,1,100
292,0.7061008588154883,0.7030785688814929,0.5,0.001,3,10,10
293,0.7032777629193784,0.6998692499702841,0.5,0.001,3,10,50
294,0.704733886065793,0.7008201592773089,0.5,0.001,3,10,100
295,0.6975127039315325,0.6917865208605729,0.5,0.001,3,100,10
296,0.689162283438828,0.6838226554142399,0.5,0.001,3,100,50
297,0.6937089536715105,0.6881017472958516,0.5,0.001,3,100,100
298,0.7376006656562955,0.7276833472007608,0.5,0.001,5,1,10
299,0.7406020623458441,0.7320813027457507,0.5,0.001,5,1,50
300,0.740810079938189,0.7319624390823726,0.5,0.001,5,1,100
301,0.7345398353689341,0.7263758469036016,0.5,0.001,5,10,10
302,0.736441710498945,0.727921074527517,0.5,0.001,5,10,50
303,0.7361742593087872,0.7283965291810294,0.5,0.001,5,10,100
304,0.7078838667498737,0.704267205515274,0.5,0.001,5,100,10
305,0.7068140619892426,0.7027219778913586,0.5,0.001,5,100,50
306,0.7095777242875397,0.7043860691786521,0.5,0.001,5,100,100
307,0.7719830019910255,0.743729941756805,0.5,0.001,8,1,10
308,0.7780155121690292,0.750505170569357,0.5,0.001,8,1,50
309,0.7780452289679356,0.7497919885890884,0.5,0.001,8,1,100
310,0.7547472586253009,0.7382622132414121,0.5,0.001,8,10,10
311,0.7595910968470476,0.7417092594793772,0.5,0.001,8,10,50
312,0.7609877863956495,0.7447997147272079,0.5,0.001,8,10,100
313,0.7118064842055214,0.7083085700701296,0.5,0.001,8,100,10
314,0.7123711033847434,0.7060501604659456,0.5,0.001,8,100,50
315,0.715015898487415,0.7084274337335077,0.5,0.001,8,100,100
316,0.7984606698166473,0.7469392606680137,0.5,0.001,10,1,10
317,0.8062761879290363,0.755140853441103,0.5,0.001,10,1,50
318,0.8073459926896674,0.7546653987875906,0.5,0.001,10,1,100
319,0.7602151496240825,0.740520622845596,0.5,0.001,10,10,10
320,0.7664556773944311,0.7443242600736955,0.5,0.001,10,10,50
321,0.7678820837419393,0.744918578390586,0.5,0.001,10,10,100
322,0.7120145017978663,0.7079519790799953,0.5,0.001,10,100,10
323,0.712906005765059,0.7061690241293237,0.5,0.001,10,100,50
324,0.7156399512644498,0.7091406157137763,0.5,0.001,10,100,100
325,0.7078838667498737,0.7059312968025675,0.5,0.01,3,1,10
326,0.7111229978306737,0.7089028883870201,0.5,0.01,3,1,50
327,0.7203946390894773,0.717817663140378,0.5,0.01,3,1,100
328,0.7078541499509673,0.7049803874955426,0.5,0.01,3,10,10
329,0.7105286618525453,0.7075953880898609,0.5,0.01,3,10,50
330,0.7194437015244718,0.7179365268037561,0.5,0.01,3,10,100
331,0.6997117470506077,0.6944015214548912,0.5,0.01,3,100,10
332,0.6993551454637307,0.6930940211577321,0.5,0.01,3,100,50
333,0.7100531930700424,0.706525615119458,0.5,0.01,3,100,100
334,0.7392350895961487,0.7298228931415667,0.5,0.01,5,1,10
335,0.7466048557249413,0.7382622132414121,0.5,0.01,5,1,50
336,0.7531722682832606,0.7439676690835612,0.5,0.01,5,1,100
337,0.7365605776945707,0.7281588018542732,0.5,0.01,5,10,10
338,0.7439303438233633,0.7356472126470938,0.5,0.01,5,10,50
339,0.7499034204035542,0.7424224414596458,0.5,0.01,5,10,100
340,0.7115390330153636,0.7074765244264828,0.5,0.01,5,100,10
341,0.7179875783780572,0.7109235706644479,0.5,0.01,5,100,50
342,0.7262785652729488,0.7219778913586117,0.5,0.01,5,100,100
343,0.7736768595286916,0.7443242600736955,0.5,0.01,8,1,10
344,0.7862767822650144,0.7547842624509687,0.5,0.01,8,1,50
345,0.7942408843719354,0.759657672649471,0.5,0.01,8,1,100
346,0.7563519657662476,0.7402828955188399,0.5,0.01,8,10,10
347,0.7666042613889632,0.7493165339355758,0.5,0.01,8,10,50
348,0.7724584707735282,0.7544276714608344,0.5,0.01,8,10,100
349,0.7151347656830406,0.7116367526447165,0.5,0.01,8,100,10
350,0.724673858132002,0.7160347081897064,0.5,0.01,8,100,50
351,0.7321030578586075,0.7251872102698205,0.5,0.01,8,100,100
352,0.8007488633324419,0.7472958516581482,0.5,0.01,10,1,10
353,0.8191732786544234,0.7568049447283965,0.5,0.01,10,1,50
354,0.8292472734837003,0.7597765363128491,0.5,0.01,10,1,100
355,0.7608689192000238,0.7424224414596458,0.5,0.01,10,10,10
356,0.7734688419363466,0.7502674432426008,0.5,0.01,10,10,50
357,0.7791447505274732,0.7554974444312373,0.5,0.01,10,10,100
358,0.7155508008677305,0.7116367526447165,0.5,0.01,10,100,10
359,0.7251196101155983,0.7162724355164626,0.5,0.01,10,100,50
360,0.7324596594454845,0.7255438012599549,0.5,0.01,10,100,100
361,0.7206620902796351,0.7182931177938904,0.5,0.1,3,1,10
362,0.7580161065050073,0.751693807203138,0.5,0.1,3,1,50
363,0.778074945766842,0.7707119933436348,0.5,0.1,3,1,100
364,0.719740869513536,0.7173422084868656,0.5,0.1,3,10,10
365,0.757005735342189,0.7508617615594912,0.5,0.1,3,10,50
366,0.7764702386258953,0.7699988113633662,0.5,0.1,3,10,100
367,0.7111527146295801,0.708784024723642,0.5,0.1,3,100,10
368,0.7444355294047725,0.7406394865089742,0.5,0.1,3,100,50
369,0.763067962319099,0.7604897182931178,0.5,0.1,3,100,100
370,0.7509732251641853,0.7413526684892429,0.5,0.1,5,1,10
371,0.7867522510475171,0.7719006299774159,0.5,0.1,5,1,50
372,0.8028290392558913,0.7761797218590277,0.5,0.1,5,1,100
373,0.7475260764910404,0.7402828955188399,0.5,0.1,5,10,10
374,0.7825324656028053,0.7691667657197195,0.5,0.1,5,10,50
375,0.7931413628123979,0.7761797218590277,0.5,0.1,5,10,100
376,0.7231583013877745,0.7199572090811839,0.5,0.1,5,100,10
377,0.7614335383792458,0.7530013075002971,0.5,0.1,5,100,50
378,0.774479213099165,0.7666706287887792,0.5,0.1,5,100,100
379,0.7888027101720603,0.756091762748128,0.5,0.1,8,1,10
380,0.8407476746604856,0.7747533578984904,0.5,0.1,8,1,50
381,0.8743573742236487,0.7773683584928087,0.5,0.1,8,1,100
382,0.7669014293780274,0.7488410792820634,0.5,0.1,8,10,10
383,0.7999167929630621,0.7734458576013312,0.5,0.1,8,10,50
384,0.8164096163561261,0.7776060858195649,0.5,0.1,8,10,100
385,0.7255653620991946,0.7205515273980744,0.5,0.1,8,100,10
386,0.7642269174764494,0.7540710804707002,0.5,0.1,8,100,50
387,0.7776589105821521,0.7673838107690479,0.5,0.1,8,100,100
388,0.8180737570948857,0.752882443836919,0.5,0.1,10,1,10
389,0.8914445335948412,0.768691311066207,0.5,0.1,10,1,50
390,0.932572583281329,0.7708308570070129,0.5,0.1,10,1,100
391,0.7719830019910255,0.7510994888862474,0.5,0.1,10,10,10
392,0.8082672134557666,0.7724949482943064,0.5,0.1,10,10,50
393,0.830138777450893,0.7780815404730774,0.5,0.1,10,10,100
394,0.7259219636860718,0.7205515273980744,0.5,0.1,10,100,10
395,0.765742474220677,0.7540710804707002,0.5,0.1,10,100,50
396,0.7783423969569998,0.7672649471056698,0.5,0.1,10,100,100
397,0.7752815666696383,0.7671460834422917,0.5,1.0,3,1,10
398,0.8077620278743574,0.7834304053250921,0.5,1.0,3,1,50
399,0.8282666191197884,0.778794722453346,0.5,1.0,3,1,100
400,0.7726367715669668,0.7638179008677047,0.5,1.0,3,10,10
401,0.7990847225936822,0.7811719957209081,0.5,1.0,3,10,50
402,0.8108525749606252,0.7804588137406395,0.5,1.0,3,10,100
403,0.7608392024011174,0.7543088077974563,0.5,1.0,3,100,10
404,0.7744197795013521,0.7691667657197195,0.5,1.0,3,100,50
405,0.7744197795013521,0.7691667657197195,0.5,1.0,3,100,100
406,0.7980446346319574,0.7723760846309283,0.5,1.0,5,1,10
407,0.870791358354878,0.7699988113633662,0.5,1.0,5,1,50
408,0.9267480906956702,0.7642933555212171,0.5,1.0,5,1,100
409,0.7878517726070547,0.7678592654225603,0.5,1.0,5,10,10
410,0.8307628302279279,0.7710685843337691,0.5,1.0,5,10,50
411,0.8622032034709222,0.7704742660168786,0.5,1.0,5,10,100
412,0.7697542420730439,0.7598953999762272,0.5,1.0,5,100,10
413,0.7781046625657484,0.7659574468085106,0.5,1.0,5,100,50
414,0.7781046625657484,0.7659574468085106,0.5,1.0,5,100,100
415,0.8655612017473477,0.7634613098775704,0.5,1.0,8,1,10
416,0.9881727140352441,0.758350172352312,0.5,1.0,8,1,50
417,0.9999405664021872,0.7558540354213716,0.5,1.0,8,1,100
418,0.8109714421562509,0.7689290383929632,0.5,1.0,8,10,10
419,0.8910284984101513,0.7690479020563413,0.5,1.0,8,10,50
420,0.9241032955929988,0.7671460834422917,0.5,1.0,8,10,100
421,0.7728150723604054,0.7588256270058243,0.5,1.0,8,100,10
422,0.7817598288312383,0.7651254011648639,0.5,1.0,8,100,50
423,0.7817598288312383,0.7651254011648639,0.5,1.0,8,100,100
424,0.9210721821045437,0.7520503981932724,0.5,1.0,10,1,10
425,0.9997622656087486,0.7564483537382622,0.5,1.0,10,1,50
426,0.9999702832010936,0.756210626411506,0.5,1.0,10,1,100
427,0.8209860033877151,0.7670272197789136,0.5,1.0,10,10,10
428,0.9130189296009034,0.766432901462023,0.5,1.0,10,10,50
429,0.9438055332679564,0.7659574468085106,0.5,1.0,10,10,100
430,0.7731122403494696,0.7579935813621775,0.5,1.0,10,100,10
431,0.7836914207601557,0.7660763104718887,0.5,1.0,10,100,50
432,0.7836914207601557,0.7660763104718887,0.5,1.0,10,100,100
433,0.7170069240141452,0.7142517532390348,0.7,0.001,3,1,10
434,0.7139460937267837,0.7100915250208012,0.7,0.001,3,1,50
435,0.715937119253514,0.7153215262094378,0.7,0.001,3,1,100
436,0.7111527146295801,0.7080708427433734,0.7,0.001,3,10,10
437,0.7138569433300644,0.7109235706644479,0.7,0.001,3,10,50
438,0.716501738432736,0.7146083442291692,0.7,0.001,3,10,100
439,0.7064871772012719,0.7046237965054083,0.7,0.001,3,100,10
440,0.7066654779947104,0.7037917508617616,0.7,0.001,3,100,50
441,0.707408397967371,0.7049803874955426,0.7,0.001,3,100,100
442,0.7526373659029449,0.7438488054201831,0.7,0.001,5,1,10
443,0.7528453834952898,0.7431356234399145,0.7,0.001,5,1,50
444,0.7530534010876349,0.7438488054201831,0.7,0.001,5,1,100
445,0.748060978871356,0.7389753952216808,0.7,0.001,5,10,10
446,0.7495765356155835,0.7419469868061334,0.7,0.001,5,10,50
447,0.7485067308549523,0.7424224414596458,0.7,0.001,5,10,100
448,0.7367091616891028,0.7345774396766909,0.7,0.001,5,100,10
449,0.7327271106356423,0.7294663021514323,0.7,0.001,5,100,50
450,0.7312709874892277,0.7283965291810294,0.7,0.001,5,100,100
451,0.7948946539478767,0.7672649471056698,0.7,0.001,8,1,10
452,0.7941814507741226,0.7694044930464757,0.7,0.001,8,1,50
453,0.794983804344596,0.76976108403661,0.7,0.001,8,1,100
454,0.7773617425930879,0.7602519909663615,0.7,0.001,8,10,10
455,0.7792636177230988,0.7598953999762272,0.7,0.001,8,10,50
456,0.7805711568749815,0.7617972185902769,0.7,0.001,8,10,100
457,0.7482987132626073,0.74277903244978,0.7,0.001,8,100,10
458,0.7408397967370954,0.7356472126470938,0.7,0.001,8,100,50
459,0.7416421503075689,0.7349340306668252,0.7,0.001,8,100,100
460,0.8238388160827316,0.7705931296802567,0.7,0.001,10,1,10
461,0.8244628688597664,0.7698799476999881,0.7,0.001,10,1,50
462,0.8276425663427536,0.7692856293830976,0.7,0.001,10,1,100
463,0.7857121630857924,0.7613217639367645,0.7,0.001,10,10,10
464,0.7866631006507979,0.7632235825508142,0.7,0.001,10,10,50
465,0.7877031886125226,0.7648876738381077,0.7,0.001,10,10,100
466,0.7491902172298001,0.7421847141328896,0.7,0.001,10,100,10
467,0.7418204511010074,0.7370735766076311,0.7,0.001,10,100,50
468,0.7422959198835102,0.734696303340069,0.7,0.001,10,100,100
469,0.7149861816885085,0.7102103886841793,0.7,0.01,3,1,10
470,0.7206323734807286,0.717817663140378,0.7,0.01,3,1,50
471,0.7258922468871654,0.7249494829430643,0.7,0.01,3,1,100
472,0.7124602537814627,0.7094972067039106,0.7,0.01,3,10,10
473,0.7187007815518113,0.7165101628432188,0.7,0.01,3,10,50
474,0.7244955573385635,0.7239985736360395,0.7,0.01,3,10,100
475,0.7111824314284865,0.7079519790799953,0.7,0.01,3,100,10
476,0.712341386585837,0.7097349340306668,0.7,0.01,3,100,50
477,0.7179281447802442,0.7161535718530845,0.7,0.01,3,100,100
478,0.7510623755609046,0.7413526684892429,0.7,0.01,5,1,10
479,0.7550444266143651,0.7443242600736955,0.7,0.01,5,1,50
480,0.760809485602211,0.7503863069059789,0.7,0.01,5,1,100
481,0.7491902172298001,0.7393319862118151,0.7,0.01,5,10,10
482,0.7537963210602954,0.7468203970046356,0.7,0.01,5,10,50
483,0.7574514873257853,0.7493165339355758,0.7,0.01,5,10,100
484,0.7359068081186294,0.7314869844288601,0.7,0.01,5,100,10
485,0.73341059701049,0.7300606204683229,0.7,0.01,5,100,50
486,0.73706576327598,0.7342208486865566,0.7,0.01,5,100,100
487,0.7950729547413152,0.7660763104718887,0.7,0.01,8,1,10
488,0.79935217378384,0.7708308570070129,0.7,0.01,8,1,50
489,0.8053252503640308,0.7704742660168786,0.7,0.01,8,1,100
490,0.7790258833318475,0.7589444906692024,0.7,0.01,8,10,10
491,0.7826810495973374,0.7660763104718887,0.7,0.01,8,10,50
492,0.7859201806781374,0.7667894924521573,0.7,0.01,8,10,100
493,0.745178449377433,0.7360038036372281,0.7,0.01,8,100,10
494,0.7455350509643102,0.7395697135385713,0.7,0.01,8,100,50
495,0.7490713500341744,0.741471532152621,0.7,0.01,8,100,100
496,0.8225609937297554,0.7672649471056698,0.7,0.01,10,1,10
497,0.8326349885590324,0.7714251753239035,0.7,0.01,10,1,50
498,0.8426198329915902,0.7715440389872816,0.7,0.01,10,1,100
499,0.7864847998573594,0.7613217639367645,0.7,0.01,10,10,10
500,0.7897536477370658,0.7683347200760727,0.7,0.01,10,10,50
501,0.7940923003774033,0.7682158564126946,0.7,0.01,10,10,100
502,0.7465454221271285,0.7362415309639843,0.7,0.01,10,100,10
503,0.7461293869424386,0.7399263045287056,0.7,0.01,10,100,50
504,0.7499331372024606,0.7420658504695115,0.7,0.01,10,100,100
505,0.7286261923865561,0.7255438012599549,0.7,0.1,3,1,10
506,0.7628302279278476,0.7569238083917746,0.7,0.1,3,1,50
507,0.7789664497340346,0.7714251753239035,0.7,0.1,3,1,100
508,0.7283884579953047,0.7255438012599549,0.7,0.1,3,10,10
509,0.7613146711836201,0.7544276714608344,0.7,0.1,3,10,50
510,0.7772428753974622,0.7717817663140378,0.7,0.1,3,10,100
511,0.7234851861757452,0.7217401640318555,0.7,0.1,3,100,10
512,0.7502897387893376,0.745037442053964,0.7,0.1,3,100,50
513,0.7652967222370807,0.7627481278973018,0.7,0.1,3,100,100
514,0.7626816439333155,0.752882443836919,0.7,0.1,5,1,10
515,0.790407417313007,0.7743967669083561,0.7,0.1,5,1,50
516,0.8052063831684051,0.7771306311660525,0.7,0.1,5,1,100
517,0.7614335383792458,0.7526447165101628,0.7,0.1,5,10,10
518,0.7857121630857924,0.773208130274575,0.7,0.1,5,10,50
519,0.795399839529286,0.7757042672055152,0.7,0.1,5,10,100
520,0.7396511247808386,0.732437893735885,0.7,0.1,5,100,10
521,0.7648509702534843,0.7588256270058243,0.7,0.1,5,100,50
522,0.7775697601854328,0.770949720670391,0.7,0.1,5,100,100
523,0.8042554456033996,0.7685724474028289,0.7,0.1,8,1,10
524,0.8419957802145552,0.7761797218590277,0.7,0.1,8,1,50
525,0.8746248254138064,0.774277903244978,0.7,0.1,8,1,100
526,0.7880300734004932,0.7677404017591822,0.7,0.1,8,10,10
527,0.8043148792012125,0.7757042672055152,0.7,0.1,8,10,50
528,0.8215803393658435,0.7780815404730774,0.7,0.1,8,10,100
529,0.7533208522777927,0.7430167597765364,0.7,0.1,8,100,10
530,0.773141957148376,0.7621538095804112,0.7,0.1,8,100,50
531,0.7826216159995245,0.7723760846309283,0.7,0.1,8,100,100
532,0.8383703307479718,0.772019493640794,0.7,0.1,10,1,10
533,0.8944459302843898,0.7722572209675502,0.7,0.1,10,1,50
534,0.9326320168791418,0.7736835849280875,0.7,0.1,10,1,100
535,0.7960833259041336,0.7677404017591822,0.7,0.1,10,10,10
536,0.8160530147692491,0.7773683584928087,0.7,0.1,10,10,50
537,0.838102879557814,0.7789135861167241,0.7,0.1,10,10,100
538,0.7534100026745119,0.7424224414596458,0.7,0.1,10,100,10
539,0.7734688419363466,0.7606085819564959,0.7,0.1,10,100,50
540,0.782799916792963,0.7721383573041721,0.7,0.1,10,100,100
541,0.7784612641526255,0.7701176750267443,0.7,1.0,3,1,10
542,0.8084157974502987,0.7757042672055152,0.7,1.0,3,1,50
543,0.8301982110487058,0.7761797218590277,0.7,1.0,3,1,100
544,0.7760839202401117,0.7689290383929632,0.7,1.0,3,10,10
545,0.8000653769575942,0.7779626768096993,0.7,1.0,3,10,50
546,0.8122492645092271,0.7783192677998336,0.7,1.0,3,10,100
547,0.7661585094053669,0.7602519909663615,0.7,1.0,3,100,10
548,0.7751924162729191,0.7691667657197195,0.7,1.0,3,100,50
549,0.7751924162729191,0.7691667657197195,0.7,1.0,3,100,100
550,0.8021455528810436,0.7714251753239035,0.7,1.0,5,1,10
551,0.878398858874922,0.7679781290859384,0.7,1.0,5,1,50
552,0.9361088823511932,0.7651254011648639,0.7,1.0,5,1,100
553,0.7924281596386438,0.772019493640794,0.7,1.0,5,10,10
554,0.8383108971501589,0.772019493640794,0.7,1.0,5,10,50
555,0.8686220320347092,0.7676215380958041,0.7,1.0,5,10,100
556,0.7751924162729191,0.7636990372043266,0.7,1.0,5,100,10
557,0.7794122017176309,0.7683347200760727,0.7,1.0,5,100,50
558,0.7794122017176309,0.7683347200760727,0.7,1.0,5,100,100
559,0.8712073935395679,0.7639367645310828,0.7,1.0,8,1,10
560,0.9929274018602716,0.75846903601569,0.7,1.0,8,1,50
561,0.9999702832010936,0.7557351717579935,0.7,1.0,8,1,100
562,0.818727526670827,0.7727326756210626,0.7,1.0,8,10,10
563,0.904817093102731,0.7689290383929632,0.7,1.0,8,10,50
564,0.9380404742801105,0.7661951741352668,0.7,1.0,8,10,100
565,0.7777480609788714,0.7657197194817544,0.7,1.0,8,100,10
566,0.7817598288312383,0.770949720670391,0.7,1.0,8,100,50
567,0.7817598288312383,0.770949720670391,0.7,1.0,8,100,100
568,0.9296603369884996,0.7626292642339237,0.7,1.0,10,1,10
569,0.9999702832010936,0.7564483537382622,0.7,1.0,10,1,50
570,0.9999702832010936,0.7577558540354213,0.7,1.0,10,1,100
571,0.8350420492704526,0.7680969927493165,0.7,1.0,10,10,10
572,0.9295117529939675,0.7645310828479733,0.7,1.0,10,10,50
573,0.9561974384119343,0.7638179008677047,0.7,1.0,10,10,100
574,0.7804522896793558,0.7648876738381077,0.7,1.0,10,100,10
575,0.7833942527710915,0.7689290383929632,0.7,1.0,10,100,50
576,0.7833942527710915,0.7689290383929632,0.7,1.0,10,100,100
577,0.7171257912097709,0.7105669796743136,0.9,0.001,3,1,10
578,0.7141541113191286,0.7085462973968858,0.9,0.001,3,1,50
579,0.7179578615791506,0.71330084393201,0.9,0.001,3,1,100
580,0.7127574217705269,0.7073576607631047,0.9,0.001,3,10,10
581,0.7168880568185195,0.712231070961607,0.9,0.001,3,10,50
582,0.7196220023179103,0.7152026625460597,0.9,0.001,3,10,100
583,0.6983150575020058,0.6948769761084037,0.9,0.001,3,100,10
584,0.70509048765267,0.6993937953167717,0.9,0.001,3,100,50
585,0.7048527532614187,0.6998692499702841,0.9,0.001,3,100,100
586,0.7566194169564054,0.7480090336384168,0.9,0.001,5,1,10
587,0.7552227274078036,0.7463449423511233,0.9,0.001,5,1,50
588,0.7563222489673412,0.748246760965173,0.9,0.001,5,1,100
589,0.7499925708002734,0.7425413051230239,0.9,0.001,5,10,10
590,0.7497251196101156,0.7417092594793772,0.9,0.001,5,10,50
591,0.7524293483105999,0.7442053964103174,0.9,0.001,5,10,100
592,0.737630382455202,0.7320813027457507,0.9,0.001,5,100,10
593,0.7357879409230038,0.7275644835373826,0.9,0.001,5,100,50
594,0.7317464562717304,0.725662664923333,0.9,0.001,5,100,100
595,0.7971828474636712,0.7689290383929632,0.9,0.001,8,1,10
596,0.7971828474636712,0.7678592654225603,0.9,0.001,8,1,50
597,0.7951918219369409,0.7660763104718887,0.9,0.001,8,1,100
598,0.7815518112388934,0.7626292642339237,0.9,0.001,8,10,10
599,0.7816409616356126,0.7623915369071674,0.9,0.001,8,10,50
600,0.7819381296246768,0.7613217639367645,0.9,0.001,8,10,100
601,0.7536477370657633,0.7453940330440985,0.9,0.001,8,100,10
602,0.7514486939466881,0.7417092594793772,0.9,0.001,8,100,50
603,0.7469020237140055,0.7382622132414121,0.9,0.001,8,100,100
604,0.8275831327449407,0.7672649471056698,0.9,0.001,10,1,10
605,0.8269887967668123,0.768691311066207,0.9,0.001,10,1,50
606,0.829366140679326,0.7696422203732319,0.9,0.001,10,1,100
607,0.7905857181064456,0.7617972185902769,0.9,0.001,10,10,10
608,0.7913286380791061,0.762985855224058,0.9,0.001,10,10,50
609,0.7915069388725446,0.7646499465113514,0.9,0.001,10,10,100
610,0.7546283914296752,0.7451563057173423,0.9,0.001,10,100,10
611,0.7523401979138807,0.7415903958159991,0.9,0.001,10,100,50
612,0.7540637722504532,0.7444431237370736,0.9,0.001,10,100,100
613,0.7170960744108644,0.7118744799714727,0.9,0.01,3,1,10
614,0.7200974711004131,0.7171044811601094,0.9,0.01,3,1,50
615,0.7277941220171763,0.7257815285867111,0.9,0.01,3,1,100
616,0.7181658791714957,0.7137762985855224,0.9,0.01,3,10,10
617,0.7195328519211911,0.7166290265065969,0.9,0.01,3,10,50
618,0.7241686725505928,0.7213835730417212,0.9,0.01,3,10,100
619,0.7072598139728389,0.7033162962082491,0.9,0.01,3,100,10
620,0.7110932810317673,0.7085462973968858,0.9,0.01,3,100,50
621,0.7156399512644498,0.7129442529418757,0.9,0.01,3,100,100
622,0.7547472586253009,0.74717698799477,0.9,0.01,5,1,10
623,0.7562628153695284,0.7455128967074766,0.9,0.01,5,1,50
624,0.7644349350687943,0.7524069891834066,0.9,0.01,5,1,100
625,0.7514486939466881,0.7444431237370736,0.9,0.01,5,10,10
626,0.7521916139193486,0.7436110780934269,0.9,0.01,5,10,50
627,0.7603637336186146,0.7500297159158446,0.9,0.01,5,10,100
628,0.7306469347121928,0.7237608463092833,0.9,0.01,5,100,10
629,0.7342723841787763,0.7270890288838702,0.9,0.01,5,100,50
630,0.7403346111556863,0.7333888030429098,0.9,0.01,5,100,100
631,0.7945974859588125,0.7651254011648639,0.9,0.01,8,1,10
632,0.8021455528810436,0.7690479020563413,0.9,0.01,8,1,50
633,0.8052955335651244,0.7703554023535005,0.9,0.01,8,1,100
634,0.7833051023743722,0.7626292642339237,0.9,0.01,8,10,10
635,0.786247065466108,0.765244264828242,0.9,0.01,8,10,50
636,0.7885649757808089,0.7682158564126946,0.9,0.01,8,10,100
637,0.7532911354788863,0.7438488054201831,0.9,0.01,8,100,10
638,0.7497548364090221,0.7401640318554618,0.9,0.01,8,100,50
639,0.7534397194734184,0.7440865327469393,0.9,0.01,8,100,100
640,0.8269293631689995,0.7669083561155354,0.9,0.01,10,1,10
641,0.8345368636890435,0.7691667657197195,0.9,0.01,10,1,50
642,0.8424118153992451,0.770949720670391,0.9,0.01,10,1,100
643,0.7917743900627024,0.7646499465113514,0.9,0.01,10,10,10
644,0.7951323883391281,0.7658385831451325,0.9,0.01,10,10,50
645,0.7990550057947758,0.7671460834422917,0.9,0.01,10,10,100
646,0.7553118778045229,0.7444431237370736,0.9,0.01,10,100,10
647,0.7513298267510624,0.7409960774991086,0.9,0.01,10,100,50
648,0.7551038602121779,0.7457506240342328,0.9,0.01,10,100,100
649,0.723901221360435,0.7215024367050993,0.9,0.1,3,1,10
650,0.7626519271344091,0.7571615357185308,0.9,0.1,3,1,50
651,0.7788772993373154,0.7713063116605253,0.9,0.1,3,1,100
652,0.7212267094588571,0.7181742541305123,0.9,0.1,3,10,10
653,0.7621170247540935,0.7566860810650184,0.9,0.1,3,10,50
654,0.7772131585985558,0.7717817663140378,0.9,0.1,3,10,100
655,0.7174823927966479,0.7159158445263283,0.9,0.1,3,100,10
656,0.7515675611423137,0.7477713063116606,0.9,0.1,3,100,50
657,0.766871712579121,0.7642933555212171,0.9,0.1,3,100,100
658,0.7639594662862916,0.753833353143944,0.9,0.1,5,1,10
659,0.7906451517042584,0.7748722215618685,0.9,0.1,5,1,50
660,0.8066922231137262,0.7757042672055152,0.9,0.1,5,1,100
661,0.7611363703901816,0.752763580173541,0.9,0.1,5,10,10
662,0.7851772607054768,0.7747533578984904,0.9,0.1,5,10,50
663,0.796885679474607,0.7761797218590277,0.9,0.1,5,10,100
664,0.7436331758342991,0.7365981219541187,0.9,0.1,5,100,10
665,0.767436331758343,0.7608463092832521,0.9,0.1,5,100,50
666,0.7779560785712163,0.7713063116605253,0.9,0.1,5,100,100
667,0.8040177112121483,0.7719006299774159,0.9,0.1,8,1,10
668,0.8413122938397076,0.7770117675026744,0.9,0.1,8,1,50
669,0.8773290541142909,0.7761797218590277,0.9,0.1,8,1,100
670,0.7891295949600309,0.7698799476999881,0.9,0.1,8,10,10
671,0.8065733559181005,0.7766551765125401,0.9,0.1,8,10,50
672,0.8249383376422692,0.779983359087127,0.9,0.1,8,10,100
673,0.7548066922231137,0.7456317603708547,0.9,0.1,8,100,10
674,0.7771834417996494,0.7660763104718887,0.9,0.1,8,100,50
675,0.7837211375590621,0.7746344942351123,0.9,0.1,8,100,100
676,0.839083533921726,0.7710685843337691,0.9,0.1,10,1,10
677,0.8952482838548631,0.7743967669083561,0.9,0.1,10,1,50
678,0.9368815191227601,0.7738024485914656,0.9,0.1,10,1,100
679,0.7978663338385189,0.7705931296802567,0.9,0.1,10,10,10
680,0.8186680930730141,0.7760608581956496,0.9,0.1,10,10,50
681,0.8441056729369112,0.7770117675026744,0.9,0.1,10,10,100
682,0.7553415946034293,0.7468203970046356,0.9,0.1,10,100,10
683,0.7767376898160531,0.7661951741352668,0.9,0.1,10,100,50
684,0.7840480223470327,0.7747533578984904,0.9,0.1,10,100,100
685,0.7811654928531099,0.7722572209675502,0.9,1.0,3,1,10
686,0.80865353184155,0.777724949482943,0.9,1.0,3,1,50
687,0.8348340316781077,0.7749910852252466,0.9,1.0,3,1,100
688,0.7773914593919943,0.7702365386901224,0.9,1.0,3,10,10
689,0.8035719592285518,0.7803399500772614,0.9,1.0,3,10,50
690,0.8144780244272087,0.7798644954237489,0.9,1.0,3,10,100
691,0.7652670054381742,0.7572803993819089,0.9,1.0,3,100,10
692,0.7745683634958842,0.7650065375014858,0.9,1.0,3,100,50
693,0.7745683634958842,0.7650065375014858,0.9,1.0,3,100,100
694,0.8047309143859024,0.7741590395815999,0.9,1.0,5,1,10
695,0.8849365546343347,0.7710685843337691,0.9,1.0,5,1,50
696,0.941873941339039,0.7631047188874361,0.9,1.0,5,1,100
697,0.7943894683664675,0.7774872221561868,0.9,1.0,5,10,10
698,0.8392321179162581,0.773208130274575,0.9,1.0,5,10,50
699,0.8722177647023862,0.7701176750267443,0.9,1.0,5,10,100
700,0.7762027874357375,0.7667894924521573,0.9,1.0,5,100,10
701,0.7803928560815429,0.7702365386901224,0.9,1.0,5,100,50
702,0.7803928560815429,0.7702365386901224,0.9,1.0,5,100,100
703,0.8764672669460046,0.7680969927493165,0.9,1.0,8,1,10
704,0.9968797361148257,0.7577558540354213,0.9,1.0,8,1,50
705,0.9999702832010936,0.7564483537382622,0.9,1.0,8,1,100
706,0.8231850465067903,0.773208130274575,0.9,1.0,8,10,10
707,0.9124543104216813,0.764174491857839,0.9,1.0,8,10,50
708,0.946034293185938,0.7632235825508142,0.9,1.0,8,10,100
709,0.7819084128257704,0.7701176750267443,0.9,1.0,8,100,10
710,0.7859201806781374,0.773208130274575,0.9,1.0,8,100,50
711,0.7859201806781374,0.773208130274575,0.9,1.0,8,100,100
712,0.934623042405872,0.7579935813621775,0.9,1.0,10,1,10
713,0.9999702832010936,0.7570426720551527,0.9,1.0,10,1,50
714,0.9999702832010936,0.7578747176987994,0.9,1.0,10,1,100
715,0.8439868057412856,0.7723760846309283,0.9,1.0,10,10,10
716,0.9374758551008885,0.7666706287887792,0.9,1.0,10,10,50
717,0.9628540013669727,0.7660763104718887,0.9,1.0,10,10,100
718,0.7833942527710915,0.7707119933436348,0.9,1.0,10,100,10
719,0.7867522510475171,0.7739213122548437,0.9,1.0,10,100,50
720,0.7867522510475171,0.7739213122548437,0.9,1.0,10,100,100
